序号,文章标题,文章链接
1,Python全栈入门到实战【AI实战篇11】小辉AI聊天助手项目完整总结，第一个AI项目收官篇,https://blog.csdn.net/zsh_1314520/article/details/163862506
2,Python全栈入门到实战【AI实战篇10】AI应用会话管理功能完整实现，第一个AI项目数据持久化核心,https://blog.csdn.net/zsh_1314520/article/details/163862439
3,Python全栈入门到实战【AI实战篇09】AI应用侧边栏制作，第一个AI项目个性化配置核心,https://blog.csdn.net/zsh_1314520/article/details/163831675
4,Python全栈入门到实战【AI实战篇08】AI智能助手流式输出全流程实战，第一个AI项目体验优化核心,https://blog.csdn.net/zsh_1314520/article/details/163831596
5,Python全栈入门到实战【AI实战篇07】AI应用会话记忆功能全实现，第一个AI项目连续对话核心,https://blog.csdn.net/zsh_1314520/article/details/163779577
6,Python全栈入门到实战【AI实战篇06】基于Streamlit构建AI聊天消息展示模块，第一个AI项目前端交互核心,https://blog.csdn.net/zsh_1314520/article/details/163720894
7,Python全栈入门到实战【AI实战篇05】提示词工程零基础全攻略，第一个AI项目效果提升核心,https://blog.csdn.net/zsh_1314520/article/details/163706370
8,Python全栈入门到实战【AI实战篇04】DeepSeekAPI会话记忆实现全攻略，第一个AI项目连续对话核心,https://blog.csdn.net/zsh_1314520/article/details/163706258
9,Python全栈入门到实战【AI实战篇03】利用APIFOX调用DeepSeekAPI全流程实战，第一个AI项目接口调试核心,https://blog.csdn.net/zsh_1314520/article/details/163674724
10,Python全栈入门到实战【AI实战篇02】APIFOX安装与使用全流程实战，第一个AI项目接口调试必备,https://blog.csdn.net/zsh_1314520/article/details/163644746
11,Python全栈入门到实战【AI实战篇01】DeepSeek官方API全流程实战，第一个AI项目前置必备,https://blog.csdn.net/zsh_1314520/article/details/163644578
12,Python全栈入门到实战【数据库篇18】MySQL事务隔离级别详解，并发数据安全的核心控制,https://blog.csdn.net/zsh_1314520/article/details/163373625
13,Python全栈入门到实战【数据库篇17】MySQL事务详解，数据一致性与并发安全的核心保障,https://blog.csdn.net/zsh_1314520/article/details/163373603
14,Python全栈入门到实战【数据库篇16】MySQL子查询详解，嵌套查询的四种类型与实战,https://blog.csdn.net/zsh_1314520/article/details/163373495
15,Python全栈入门到实战【数据库篇15】MySQL多表连接查询与联合查询详解，跨表数据查询全掌握,https://blog.csdn.net/zsh_1314520/article/details/163130625
16,Python全栈入门到实战【数据库篇14】MySQL多表关系与笛卡尔积详解，数据库设计的核心基础,https://blog.csdn.net/zsh_1314520/article/details/163112457
17,Python全栈入门到实战【数据库篇13】MySQL约束详解，数据完整性与一致性的核心保障,https://blog.csdn.net/zsh_1314520/article/details/163079972
18,Python全栈入门到实战【数据库篇12】MySQL常用内置函数详解，数据处理与业务逻辑必备,https://blog.csdn.net/zsh_1314520/article/details/163054717
19,Python全栈入门到实战【数据库篇11】MySQLDCL用户管理与权限控制详解，数据库安全核心,https://blog.csdn.net/zsh_1314520/article/details/162464189
20,Python全栈入门到实战【数据库篇10】MySQLDQL排序查询与分页查询详解，前端列表展示必备技能,https://blog.csdn.net/zsh_1314520/article/details/162302826
21,Python全栈入门到实战【数据库篇09】MySQLDQL聚合函数与分组查询详解，数据统计分析核心,https://blog.csdn.net/zsh_1314520/article/details/162267273
22,Python全栈入门到实战【数据库篇08】MySQLDQL基本查询与条件查询详解，数据库最常用操作,https://blog.csdn.net/zsh_1314520/article/details/162233307
23,Python全栈入门到实战【数据库篇07】MySQLDML数据操作详解（增删改），数据库核心操作必掌握,https://blog.csdn.net/zsh_1314520/article/details/162210211
24,Python全栈入门到实战【数据库篇06】使用PyCharm作为MySQL图形化工具，无需额外安装第三方软件,https://blog.csdn.net/zsh_1314520/article/details/162073132
25,Python全栈入门到实战【数据库篇05】DDL数据定义语言全解：库表全生命周期管理与全栈开发实战规范,https://blog.csdn.net/zsh_1314520/article/details/162033323
26,Python全栈入门到实战【数据库篇04】SQL核心基础：数据模型、通用语法与四大分类全解，全栈开发SQL入门必备,https://blog.csdn.net/zsh_1314520/article/details/161996803
27,Python全栈入门到实战【数据库篇03】MySQL服务启停与客户端连接全解，全栈开发数据库操作前置必备,https://blog.csdn.net/zsh_1314520/article/details/161791058
28,Python全栈入门到实战【数据库篇02】Windows系统MySQL安装超详细保姆级教程(详细步骤+图片操作展示),https://blog.csdn.net/zsh_1314520/article/details/161718192
29,Python全栈入门到实战【数据库篇01】数据库核心概念全解：吃透数据存储底层逻辑，掌握全栈开发的数据库选型与基础认知,https://blog.csdn.net/zsh_1314520/article/details/161652757
30,Python全栈入门到实战【进阶篇18】TCP多用户聊天室项目实战：基于Socket和多线程实现完整聊天系统，掌握网络编程综合应用开发,https://blog.csdn.net/zsh_1314520/article/details/161491731
31,Python全栈入门到实战【进阶篇17】UDP网络编程核心实战：基于Socket实现无连接通信，对比TCP掌握全栈选型逻辑,https://blog.csdn.net/zsh_1314520/article/details/161384528
32,Python全栈入门到实战【进阶篇16】TCP网络编程核心实战：基于Socket实现可靠通信，掌握跨设备数据传输的核心逻辑,https://blog.csdn.net/zsh_1314520/article/details/160989218
33,Python全栈入门到实战【进阶篇15】网络编程前置核心：吃透IP地址与端口号，掌握网络通信的双核心标识,https://blog.csdn.net/zsh_1314520/article/details/160550744
34,Python全栈入门到实战【进阶篇14】Python协程编程：async/await吃透超高并发IO密集型任务,https://blog.csdn.net/zsh_1314520/article/details/160472346
35,Python全栈入门到实战【进阶篇13】Python混合并发编程：多进程+多线程（搞定CPU+IO混合密集型任务）,https://blog.csdn.net/zsh_1314520/article/details/160407288
36,Python全栈入门到实战【进阶篇12】Python多进程编程：从入门到实战（附CPU密集型任务实战）,https://blog.csdn.net/zsh_1314520/article/details/160363879
37,Python全栈入门到实战【进阶篇11】Python线程池编程：从入门到实战（附批量爬虫/文件处理实战）,https://blog.csdn.net/zsh_1314520/article/details/160249894
38,Python全栈入门到实战【进阶篇10】Python多线程编程：从入门到实战（附线程安全/锁/通信实战）,https://blog.csdn.net/zsh_1314520/article/details/160223740
39,Python全栈入门到实战【进阶篇9】四大常用设计模式：工厂/单例/装饰器/观察者,https://blog.csdn.net/zsh_1314520/article/details/160136474
40,Python全栈入门到实战【进阶篇8】面向对象高级补充：枚举类（Enum）——告别魔法数字与硬编码,https://blog.csdn.net/zsh_1314520/article/details/160102961
41,Python全栈入门到实战【进阶篇7】面向对象实战：小型学生管理系统V2.0（整合所有知识点）,https://blog.csdn.net/zsh_1314520/article/details/159927754
42,Python全栈入门到实战【进阶篇6】面向对象高级特性：抽象类与接口,https://blog.csdn.net/zsh_1314520/article/details/159725160
43,Python全栈入门到实战【进阶篇5】面向对象高级技巧：@property进阶与方法分类,https://blog.csdn.net/zsh_1314520/article/details/159505174
44,Python全栈入门到实战【进阶篇4】面向对象之多态：统一接口与灵活实现,https://blog.csdn.net/zsh_1314520/article/details/159349032
45,Python全栈入门到实战【进阶篇3】面向对象之继承：代码复用与功能扩展,https://blog.csdn.net/zsh_1314520/article/details/159348978
46,Python全栈入门到实战【进阶篇2】面向对象之封装：私有属性、私有方法与@property优雅访问,https://blog.csdn.net/zsh_1314520/article/details/159250661
47,Python全栈入门到实战【进阶篇1】类与对象：面向对象编程的基石,https://blog.csdn.net/zsh_1314520/article/details/159250546
48,Python全栈入门到实战【基础篇26】pip命令大全：第三方库管理全攻略,https://blog.csdn.net/zsh_1314520/article/details/159212799
49,Python全栈入门到实战【基础篇25】模块与包：导入机制+第三方模块安装（pip配置）,https://blog.csdn.net/zsh_1314520/article/details/159212742
50,Python全栈入门到实战【基础篇24】闭包与装饰器：Python函数式编程的核心进阶,https://blog.csdn.net/zsh_1314520/article/details/159117650
51,Python全栈入门到实战【基础篇23】函数式编程：高阶函数与匿名函数,https://blog.csdn.net/zsh_1314520/article/details/159117567
52,Python全栈入门到实战【基础篇22】生成器与迭代器：底层逻辑与实战场景,https://blog.csdn.net/zsh_1314520/article/details/158694891
53,Python全栈入门到实战【基础篇21】Python高级特性：切片与迭代（核心用法与实战）,https://blog.csdn.net/zsh_1314520/article/details/158694729
54,Python全栈入门到实战【基础篇20】文件操作核心：读取、写入与管理,https://blog.csdn.net/zsh_1314520/article/details/158351897
55,Python全栈入门到实战【基础篇19】函数进阶：默认参数、递归函数与偏函数应用,https://blog.csdn.net/zsh_1314520/article/details/158351819
56,Python全栈入门到实战【基础篇18】程序健壮性核心：异常处理（try-except-finally/raise/断言）,https://blog.csdn.net/zsh_1314520/article/details/158180864
57,Python全栈入门到实战【基础篇17】循环进阶：推导式大全（列表/字典/集合）,https://blog.csdn.net/zsh_1314520/article/details/157911088
58,Python全栈入门到实战【基础篇16】字符串核心进阶：格式化方法（%/format/f-string）,https://blog.csdn.net/zsh_1314520/article/details/157807356
59,Python全栈入门到实战【基础篇15】函数基础：内置函数调用+自定义函数（定义/参数/返回值）,https://blog.csdn.net/zsh_1314520/article/details/157651759
60,Python全栈入门到实战【基础篇14】循环结构：for/while循环+循环控制（break/continue）,https://blog.csdn.net/zsh_1314520/article/details/157556030
61,Python全栈入门到实战【基础篇13】复合数据类型：字典（键值映射）与集合（无序去重）,https://blog.csdn.net/zsh_1314520/article/details/157434261
62,Python全栈入门到实战【基础篇12】流程控制：条件判断（if-elif-else）与模式匹配（match-case）,https://blog.csdn.net/zsh_1314520/article/details/157359983
63,Python全栈入门到实战【基础篇11】字符编码：彻底解决文本乱码的底层逻辑,https://blog.csdn.net/zsh_1314520/article/details/157327045
64,Python全栈入门到实战【基础篇10】字符串高级操作：从文本处理到高效清洗,https://blog.csdn.net/zsh_1314520/article/details/157212166
65,Python全栈入门到实战【基础篇09】Python位运算（二进制位级操作核心）,https://blog.csdn.net/zsh_1314520/article/details/157098238
66,Python全栈入门到实战【基础篇08】进制和进制的转换,https://blog.csdn.net/zsh_1314520/article/details/157064581
67,Python全栈入门到实战【基础篇07】运算符详解：算术、比较、逻辑与赋值运算全解析,https://blog.csdn.net/zsh_1314520/article/details/157024091
68,Python全栈入门到实战【基础篇06】核心工具+数据结构：cd命令、列表(list)、元组(tuple),https://blog.csdn.net/zsh_1314520/article/details/156719165
69,Python全栈入门到实战【基础篇05】核心基础：Python的2种运行模式（交互式+命令行式）,https://blog.csdn.net/zsh_1314520/article/details/156698390
70,Python全栈入门到实战【基础篇04】核心基础：变量与4种基础数据类型（int/float/str/bool）,https://blog.csdn.net/zsh_1314520/article/details/156657412
71,python全栈入门到实战【基础篇03】入门实操：第一个Python程序+PyCharm使用+输入输出全解析,https://blog.csdn.net/zsh_1314520/article/details/156656860
72,python全栈入门到实战【基础篇02】环境搭建：Python解释器与PyCharm、VSCode编辑器安装配置详解,https://blog.csdn.net/zsh_1314520/article/details/156536391
73,python全栈入门到实战【基础篇01】Python初识：定位、优势与发展历程,https://blog.csdn.net/zsh_1314520/article/details/156536163
